<?xml version="1.0" encoding="UTF-8"?>
<configuration  scan="true" scanPeriod="60 seconds" debug="false">
    <contextName>wss</contextName>
    <property name="log.path" value="/logs" />
    <!--输出到控制台-->
    <appender name="console" class="ch.qos.logback.core.ConsoleAppender">
        <!-- <filter class="ch.qos.logback.classic.filter.ThresholdFilter">
             <level>ERROR</level>
         </filter>-->
        <encoder>
            <pattern>%d{yyyy-MM-dd HH:mm:ss.SSS} %contextName [%thread] %-5level %logger{36} - %msg%n</pattern>
        </encoder>
    </appender>

    <!--输出到文件-->
    <appender name="file" class="ch.qos.logback.core.rolling.RollingFileAppender">
        <rollingPolicy class="ch.qos.logback.core.rolling.TimeBasedRollingPolicy">
            <fileNamePattern>${log.path}/xhh-config-kafka-logback.%d{yyyy-MM-dd}.log</fileNamePattern>
        </rollingPolicy>
        <encoder>
            <pattern>%d{yyyy-MM-dd HH:mm:ss.SSS} %contextName [%thread] %-5level %logger{36} - %msg%n</pattern>
        </encoder>
    </appender>

    <appender name="kafkaAppender" class="com.github.danielwegener.logback.kafka.KafkaAppender">
        <encoder class="ch.qos.logback.classic.encoder.PatternLayoutEncoder">
            <pattern>%message %n</pattern>
            <charset>utf8</charset>
        </encoder>
        <topic>logger-channel</topic>
        <keyingStrategy class="com.github.danielwegener.logback.kafka.keying.NoKeyKeyingStrategy"/>
        <deliveryStrategy class="com.github.danielwegener.logback.kafka.delivery.AsynchronousDeliveryStrategy"/>
        　　　　 <!--注意此处应该是spring boot中的kafka配置属性-->
        <producerConfig>bootstrap.servers=192.168.0.50:9092</producerConfig>
        　　　　 <producerConfig>retries=1</producerConfig>
        　　　　<producerConfig>batch-size=16384</producerConfig>
        　　　　<producerConfig>buffer-memory=33554432</producerConfig>
        　　　　<producerConfig>properties.max.request.size==2097152</producerConfig>
    </appender>

    <root level="info">
        <appender-ref ref="console" />
        <appender-ref ref="file" />
        <appender-ref ref="kafkaAppender" />
    </root>

    <!-- logback为java中的包 -->
    <logger name="com.xhh"/>
    <!--logback.LogbackDemo：类的全路径
    <logger name="com.dudu.controller.LearnController" level="WARN" additivity="false">
        <appender-ref ref="console"/>
    </logger> -->
</configuration>